source,uniqueId,igsn,hatchSpacing_mm,laserPower_W,laserVelocity_mm_s,layerThickness_mm,VED_J_per_mm3
Printer Build,20241219_CMU_Ti-6Al-4V,CMXMAL00007,0.14,350.0,1300.0,0.03,64.10256410256409
Printer Build,20240220_CMU_Ti-6Al-4V,CMXMAL00008,0.14,370.0,1300.0,0.03,67.76556776556775
Printer Build,20241202_CMU_Ti-6Al-4V,CMXMAL00010,0.14,370.0,1300.0,0.03,67.76556776556775
Printer Build,20251215_CMU_Ti-6Al-4V,CMXMAL00024,0.14,370.0,1300.0,0.03,67.76556776556775
NASA TTT,A01_2022-01-01_JHUAPL_EOSM290_Ti64_Cylinder,,0.14,160.0,1200.0,0.03,31.74603174603174
NASA TTT,A02_2022-01-01_JHUAPL_EOSM290_Ti64_Cylinder,,0.14,180.0,1200.0,0.03,35.71428571428571
NASA TTT,A03_2022-01-01_JHUAPL_EOSM290_Ti64_Cylinder,,0.14,200.0,1200.0,0.03,39.68253968253968
NASA TTT,A04_2022-01-01_JHUAPL_EOSM290_Ti64_Cylinder,,0.14,220.0,1200.0,0.03,43.650793650793645
NASA TTT,A05_2022-01-01_JHUAPL_EOSM290_Ti64_Cylinder,,0.14,240.0,1200.0,0.03,47.61904761904761
NASA TTT,A06_2022-01-01_JHUAPL_EOSM290_Ti64_Cylinder,,0.14,280.0,750.0,0.03,88.88888888888889
NASA TTT,A07_2022-01-01_JHUAPL_EOSM290_Ti64_Cylinder,,0.14,280.0,700.0,0.03,95.23809523809523
NASA TTT,A08_2022-01-01_JHUAPL_EOSM290_Ti64_Cylinder,,0.14,280.0,650.0,0.03,102.56410256410255
NASA TTT,A09_2022-01-01_JHUAPL_EOSM290_Ti64_Cylinder,,0.08,290.0,1500.0,0.03,80.55555555555556
NASA TTT,A10_2022-01-01_JHUAPL_EOSM290_Ti64_Cylinder,,0.07,300.0,2000.0,0.03,71.42857142857143
NASA TTT,A11_2022-01-01_JHUAPL_EOSM290_Ti64_Cylinder,,0.07,320.0,2100.0,0.03,72.56235827664399
NASA TTT,A12_2022-01-01_JHUAPL_EOSM290_Ti64_Cylinder,,0.05,300.0,3000.0,0.03,66.66666666666667
NASA TTT,A13_2022-01-01_JHUAPL_EOSM290_Ti64_Cylinder,,0.07,280.0,2000.0,0.03,66.66666666666666
NASA TTT,A14_2022-01-01_JHUAPL_EOSM290_Ti64_Cylinder,,0.1,300.0,1800.0,0.03,55.555555555555564
NASA TTT,A15_2022-01-01_JHUAPL_EOSM290_Ti64_Cylinder,,0.1,200.0,700.0,0.03,95.23809523809524
NASA TTT,A16_2022-01-01_JHUAPL_EOSM290_Ti64_Cylinder,,0.08,160.0,800.0,0.03,83.33333333333334
NASA TTT,A17_2022-01-01_JHUAPL_EOSM290_Ti64_Cylinder,,0.1,300.0,1250.0,0.03,80.0
NASA TTT,A18_2022-01-01_JHUAPL_EOSM290_Ti64_Cylinder,,0.15,370.0,2000.0,0.03,41.111111111111114
NASA TTT,A19_2022-01-01_JHUAPL_EOSM290_Ti64_Cylinder,,0.16,320.0,1500.0,0.03,44.44444444444445
NASA TTT,A20_2022-01-01_JHUAPL_EOSM290_Ti64_Cylinder,,0.15,300.0,1350.0,0.03,49.382716049382715
NASA TTT,A21_2022-01-01_JHUAPL_EOSM290_Ti64_Cylinder,,0.15,340.0,2100.0,0.03,35.97883597883598
NASA TTT,A22_2022-01-01_JHUAPL_EOSM290_Ti64_Cylinder,,0.03,350.0,6000.0,0.03,64.81481481481482
NASA TTT,A23_2022-01-01_JHUAPL_EOSM290_Ti64_Cylinder,,0.05,300.0,4000.0,0.03,50.0
NASA TTT,A24_2022-01-01_JHUAPL_EOSM290_Ti64_Cylinder,,0.07,330.0,3000.0,0.03,52.38095238095237
NASA TTT,A25_2022-01-01_JHUAPL_EOSM290_Ti64_Cylinder,,0.12,140.0,500.0,0.03,77.77777777777779
NASA TTT,A26_2022-01-01_JHUAPL_EOSM290_Ti64_Cylinder,,0.14,100.0,400.0,0.03,59.52380952380952
NASA TTT,A27_2022-01-01_JHUAPL_EOSM290_Ti64_Cylinder,,0.1,220.0,900.0,0.03,81.4814814814815
NASA TTT,A28_2022-01-01_JHUAPL_EOSM290_Ti64_Cylinder,,0.06,180.0,1100.0,0.03,90.9090909090909
NASA TTT,A29_2022-01-01_JHUAPL_EOSM290_Ti64_Cylinder,,0.04,200.0,1900.0,0.03,87.71929824561404
NASA TTT,A30_2022-01-01_JHUAPL_EOSM290_Ti64_Cylinder,,0.04,180.0,2100.0,0.03,71.42857142857143
NASA TTT,A31_2022-01-01_JHUAPL_EOSM290_Ti64_Cylinder,,0.15,370.0,1800.0,0.03,45.67901234567901
NASA TTT,A32_2022-01-01_JHUAPL_EOSM290_Ti64_Cylinder,,0.18,370.0,1100.0,0.03,62.2895622895623
NASA TTT,A33_2022-01-01_JHUAPL_EOSM290_Ti64_Cylinder,,0.1,370.0,1200.0,0.03,102.77777777777779
NASA TTT,A34_2022-01-01_JHUAPL_EOSM290_Ti64_Cylinder,,0.11,200.0,1400.0,0.03,43.290043290043286
NASA TTT,A35_2022-01-01_JHUAPL_EOSM290_Ti64_Cylinder,,0.08,200.0,3500.0,0.03,23.80952380952381
NASA TTT,A36_2022-01-01_JHUAPL_EOSM290_Ti64_Cylinder,,0.09,275.0,2200.0,0.03,46.2962962962963
NASA TTT,A37_2022-01-01_JHUAPL_EOSM290_Ti64_Cylinder,,0.1,250.0,3000.0,0.03,27.77777777777778
NASA TTT,A38_2022-01-01_JHUAPL_EOSM290_Ti64_Cylinder,,0.04,250.0,5000.0,0.03,41.666666666666664
NASA TTT,A39_2022-01-01_JHUAPL_EOSM290_Ti64_Cylinder,,0.1,300.0,1200.0,0.03,83.33333333333334
NASA TTT,A40_2022-01-01_JHUAPL_EOSM290_Ti64_Cylinder,,0.1,100.0,1000.0,0.03,33.333333333333336
NASA TTT,A41_2022-01-01_JHUAPL_EOSM290_Ti64_Cylinder,,0.05,200.0,1000.0,0.03,133.33333333333334
NASA TTT,A42_2022-01-01_JHUAPL_EOSM290_Ti64_Cylinder,,0.09,330.0,1200.0,0.03,101.85185185185186
NASA TTT,A43_2022-01-01_JHUAPL_EOSM290_Ti64_Cylinder,,0.12,330.0,1900.0,0.03,48.24561403508772
NASA TTT,A44_2022-01-01_JHUAPL_EOSM290_Ti64_Cylinder,,0.1,250.0,2200.0,0.03,37.87878787878788
NASA TTT,A45_2022-01-01_JHUAPL_EOSM290_Ti64_Cylinder,,0.04,250.0,2200.0,0.03,94.6969696969697
NASA TTT,A46_2022-01-01_JHUAPL_EOSM290_Ti64_Cylinder,,0.06,300.0,2500.0,0.03,66.66666666666667
NASA TTT,A47_2022-01-01_JHUAPL_EOSM290_Ti64_Cylinder,,0.11,250.0,800.0,0.03,94.6969696969697
NASA TTT,A48_2022-01-01_JHUAPL_EOSM290_Ti64_Cylinder,,0.1,370.0,2500.0,0.03,49.333333333333336
NASA TTT,A49_2022-01-02_JHUAPL_EOSM290_Ti64_Cylinder,,0.08,250.0,1800.0,0.03,57.87037037037037
NASA TTT,A50_2022-01-01_JHUAPL_EOSM290_Ti64_Cylinder,,0.19,340.0,600.0,0.03,99.41520467836257
NASA TTT,A51_2022-01-01_JHUAPL_EOSM290_Ti64_Cylinder,,0.14,280.0,1200.0,0.03,55.55555555555554
NASA TTT,A52_2022-01-01_JHUAPL_EOSM290_Ti64_Cylinder,,0.14,280.0,800.0,0.03,83.33333333333333
NASA TTT,A53_2022-01-01_JHUAPL_EOSM290_Ti64_Cylinder,,0.08,280.0,1500.0,0.03,77.77777777777779
NASA TTT,B00_2022-01-06_JHUAPL_EOSM290_Ti64_Cylinder,,0.03,100.0,3600.0,0.03,30.8641975308642
NASA TTT,B01_2022-01-06_JHUAPL_EOSM290_Ti64_Cylinder,,0.03,100.0,1290.0,0.03,86.13264427217916
NASA TTT,B02_2022-01-06_JHUAPL_EOSM290_Ti64_Cylinder,,0.03,190.0,3900.0,0.03,54.131054131054135
NASA TTT,B03_2022-01-06_JHUAPL_EOSM290_Ti64_Cylinder,,0.07,110.0,2090.0,0.03,25.062656641604008
NASA TTT,B04_2022-01-06_JHUAPL_EOSM290_Ti64_Cylinder,,0.18,210.0,590.0,0.03,65.91337099811676
NASA TTT,B05_2022-01-06_JHUAPL_EOSM290_Ti64_Cylinder,,0.18,245.0,1810.0,0.03,25.066502967055456
NASA TTT,B07_2022-01-06_JHUAPL_EOSM290_Ti64_Cylinder,,0.14,270.0,2570.0,0.03,25.01389660922735
NASA TTT,B08_2022-01-06_JHUAPL_EOSM290_Ti64_Cylinder,,0.09,175.0,2360.0,0.03,27.46390458254865
NASA TTT,B09_2022-01-06_JHUAPL_EOSM290_Ti64_Cylinder,,0.08,365.0,3990.0,0.03,38.11612364243944
NASA TTT,B10_2022-01-06_JHUAPL_EOSM290_Ti64_Cylinder,,0.03,110.0,2440.0,0.03,50.09107468123861
NASA TTT,B11_2022-01-06_JHUAPL_EOSM290_Ti64_Cylinder,,0.06,140.0,3110.0,0.03,25.008931761343337
NASA TTT,B12_2022-01-06_JHUAPL_EOSM290_Ti64_Cylinder,,0.06,100.0,470.0,0.03,118.2033096926714
NASA TTT,B13_2022-01-06_JHUAPL_EOSM290_Ti64_Cylinder,,0.14,360.0,720.0,0.03,119.04761904761905
NASA TTT,B14_2022-01-06_JHUAPL_EOSM290_Ti64_Cylinder,,0.03,245.0,3280.0,0.03,82.99457994579947
NASA TTT,B15_2022-01-06_JHUAPL_EOSM290_Ti64_Cylinder,,0.18,275.0,830.0,0.03,61.35653726015172
NASA TTT,B17_2022-01-06_JHUAPL_EOSM290_Ti64_Cylinder,,0.13,215.0,2190.0,0.03,25.172696405573124
NASA TTT,B18_2022-01-06_JHUAPL_EOSM290_Ti64_Cylinder,,0.07,260.0,3500.0,0.03,35.374149659863946
NASA TTT,B19_2022-01-06_JHUAPL_EOSM290_Ti64_Cylinder,,0.07,225.0,2650.0,0.03,40.43126684636118
NASA TTT,B20_2022-01-06_JHUAPL_EOSM290_Ti64_Cylinder,,0.18,310.0,2290.0,0.03,25.068736859129874
NASA TTT,B21_2022-01-06_JHUAPL_EOSM290_Ti64_Cylinder,,0.03,170.0,3000.0,0.03,62.96296296296297
NASA TTT,B22_2022-01-06_JHUAPL_EOSM290_Ti64_Cylinder,,0.18,165.0,1220.0,0.03,25.045537340619312
NASA TTT,B23_2022-01-06_JHUAPL_EOSM290_Ti64_Cylinder,,0.11,310.0,2730.0,0.03,34.410034410034406
NASA TTT,B24_2022-01-06_JHUAPL_EOSM290_Ti64_Cylinder,,0.1,145.0,1600.0,0.03,30.208333333333336
NASA TTT,B25_2022-01-06_JHUAPL_EOSM290_Ti64_Cylinder,,0.06,240.0,1120.0,0.03,119.04761904761905
NASA TTT,B26_2022-01-06_JHUAPL_EOSM290_Ti64_Cylinder,,0.06,125.0,1280.0,0.03,54.25347222222223
NASA TTT,B27_2022-01-06_JHUAPL_EOSM290_Ti64_Cylinder,,0.08,310.0,3770.0,0.03,34.261715296198055
NASA TTT,B28_2022-01-06_JHUAPL_EOSM290_Ti64_Cylinder,,0.07,365.0,1590.0,0.03,109.31416591793949
NASA TTT,B29_2022-01-06_JHUAPL_EOSM290_Ti64_Cylinder,,0.18,365.0,2350.0,0.03,28.76280535855004
NASA TTT,B30_2022-01-06_JHUAPL_EOSM290_Ti64_Cylinder,,0.05,230.0,3960.0,0.03,38.72053872053873
NASA TTT,B31_2022-01-06_JHUAPL_EOSM290_Ti64_Cylinder,,0.13,190.0,410.0,0.03,118.82426516572858
NASA TTT,B32_2022-01-06_JHUAPL_EOSM290_Ti64_Cylinder,,0.07,200.0,1830.0,0.03,52.04267499349466
NASA TTT,B33_2022-01-06_JHUAPL_EOSM290_Ti64_Cylinder,,0.16,320.0,640.0,0.03,104.16666666666667
NASA TTT,B34_2022-01-06_JHUAPL_EOSM290_Ti64_Cylinder,,0.05,205.0,3240.0,0.03,42.18106995884774
NASA TTT,B35_2022-01-06_JHUAPL_EOSM290_Ti64_Cylinder,,0.03,155.0,1440.0,0.03,119.59876543209879
NASA TTT,B36_2022-01-06_JHUAPL_EOSM290_Ti64_Cylinder,,0.15,230.0,460.0,0.03,111.11111111111111
NASA TTT,B37_2022-01-06_JHUAPL_EOSM290_Ti64_Cylinder,,0.12,325.0,800.0,0.03,112.84722222222223
NASA TTT,B38_2022-01-06_JHUAPL_EOSM290_Ti64_Cylinder,,0.12,260.0,1660.0,0.03,43.507362784471226
NASA TTT,B39_2022-01-06_JHUAPL_EOSM290_Ti64_Cylinder,,0.16,210.0,1740.0,0.03,25.14367816091954
NASA TTT,B40_2022-01-06_JHUAPL_EOSM290_Ti64_Cylinder,,0.07,365.0,2440.0,0.03,71.23341139734582
NASA TTT,B41_2022-01-06_JHUAPL_EOSM290_Ti64_Cylinder,,0.16,175.0,650.0,0.03,56.08974358974359
NASA TTT,B42_2022-01-06_JHUAPL_EOSM290_Ti64_Cylinder,,0.03,315.0,3500.0,0.03,100.0
NASA TTT,B43_2022-01-06_JHUAPL_EOSM290_Ti64_Cylinder,,0.16,280.0,2010.0,0.03,29.021558872305143
NASA TTT,B44_2022-01-06_JHUAPL_EOSM290_Ti64_Cylinder,,0.05,350.0,3990.0,0.03,58.4795321637427
NASA TTT,B45_2022-01-06_JHUAPL_EOSM290_Ti64_Cylinder,,0.03,265.0,3990.0,0.03,73.79560011138959
NASA TTT,B46_2022-01-06_JHUAPL_EOSM290_Ti64_Cylinder,,0.03,215.0,2670.0,0.03,89.47149396587601
NASA TTT,B47_2022-01-06_JHUAPL_EOSM290_Ti64_Cylinder,,0.04,145.0,3680.0,0.03,32.83514492753623
NASA TTT,B48_2022-01-06_JHUAPL_EOSM290_Ti64_Cylinder,,0.06,180.0,2630.0,0.03,38.022813688212935
NASA TTT,B49_2022-01-06_JHUAPL_EOSM290_Ti64_Cylinder,,0.09,360.0,3180.0,0.03,41.9287211740042
NASA TTT,B50_2022-01-06_JHUAPL_EOSM290_Ti64_Cylinder,,0.08,285.0,2930.0,0.03,40.52901023890785
NASA TTT,B51_2022-01-06_JHUAPL_EOSM290_Ti64_Cylinder,,0.09,125.0,400.0,0.03,115.74074074074073
NASA TTT,B52_2022-01-06_JHUAPL_EOSM290_Ti64_Cylinder,,0.05,140.0,2360.0,0.03,39.548022598870055
NASA TTT,B53_2022-01-06_JHUAPL_EOSM290_Ti64_Cylinder,,0.17,235.0,1150.0,0.03,40.068201193520885
NASA TTT,B54_2022-01-06_JHUAPL_EOSM290_Ti64_Cylinder,,0.18,290.0,1560.0,0.03,34.42545109211776
NASA TTT,B55_2022-01-06_JHUAPL_EOSM290_Ti64_Cylinder,,0.05,275.0,1530.0,0.03,119.82570806100219
NASA TTT,B56_2022-01-06_JHUAPL_EOSM290_Ti64_Cylinder,,0.12,170.0,1880.0,0.03,25.11820330969267
NASA TTT,B57_2022-01-06_JHUAPL_EOSM290_Ti64_Cylinder,,0.07,155.0,1960.0,0.03,37.65792031098153
NASA TTT,B58_2022-01-06_JHUAPL_EOSM290_Ti64_Cylinder,,0.06,365.0,3370.0,0.03,60.1714474118035
NASA TTT,B59_2022-01-06_JHUAPL_EOSM290_Ti64_Cylinder,,0.03,280.0,2670.0,0.03,116.52101539741992
NASA TTT,B60_2022-01-06_JHUAPL_EOSM290_Ti64_Cylinder,,0.13,360.0,1380.0,0.03,66.88963210702342
NASA TTT,B61_2022-01-06_JHUAPL_EOSM290_Ti64_Cylinder,,0.18,345.0,1710.0,0.03,37.36192332683561
NASA TTT,B62_2022-01-06_JHUAPL_EOSM290_Ti64_Cylinder,,0.09,345.0,1900.0,0.03,67.2514619883041
NASA TTT,B63_2022-01-06_JHUAPL_EOSM290_Ti64_Cylinder,,0.05,255.0,2870.0,0.03,59.23344947735192
NASA TTT,B64_2022-01-06_JHUAPL_EOSM290_Ti64_Cylinder,,0.08,100.0,1460.0,0.03,28.538812785388128
NASA TTT,B65_2022-01-06_JHUAPL_EOSM290_Ti64_Cylinder,,0.12,285.0,2230.0,0.03,35.50074738415546
NASA TTT,B66_2022-01-06_JHUAPL_EOSM290_Ti64_Cylinder,,0.04,295.0,2080.0,0.03,118.18910256410257
NASA TTT,B67_2022-01-06_JHUAPL_EOSM290_Ti64_Cylinder,,0.11,165.0,990.0,0.03,50.505050505050505
NASA TTT,B68_2022-01-06_JHUAPL_EOSM290_Ti64_Cylinder,,0.12,245.0,2610.0,0.03,26.07492550021286
NASA TTT,B69_2022-01-06_JHUAPL_EOSM290_Ti64_Cylinder,,0.08,205.0,1210.0,0.03,70.59228650137742
NASA TTT,B70_2022-01-06_JHUAPL_EOSM290_Ti64_Cylinder,,0.04,120.0,1820.0,0.03,54.94505494505495
NASA TTT,B71_2022-01-06_JHUAPL_EOSM290_Ti64_Cylinder,,0.15,240.0,2130.0,0.03,25.03912363067293
NASA TTT,B72_2022-01-06_JHUAPL_EOSM290_Ti64_Cylinder,,0.05,340.0,1890.0,0.03,119.9294532627866
NASA TTT,B73_2022-01-06_JHUAPL_EOSM290_Ti64_Cylinder,,0.09,330.0,2530.0,0.03,48.309178743961354
NASA TTT,B74_2022-01-06_JHUAPL_EOSM290_Ti64_Cylinder,,0.08,260.0,910.0,0.03,119.04761904761907
NASA TTT,B75_2022-01-06_JHUAPL_EOSM290_Ti64_Cylinder,,0.04,130.0,910.0,0.03,119.04761904761907
NASA TTT,B76_2022-01-06_JHUAPL_EOSM290_Ti64_Cylinder,,0.04,115.0,3040.0,0.03,31.52412280701754
NASA TTT,B77_2022-01-06_JHUAPL_EOSM290_Ti64_Cylinder,,0.1,210.0,1990.0,0.03,35.175879396984925
NASA TTT,B78_2022-01-06_JHUAPL_EOSM290_Ti64_Cylinder,,0.1,240.0,1480.0,0.03,54.05405405405406
NASA TTT,B79_2022-01-06_JHUAPL_EOSM290_Ti64_Cylinder,,0.18,320.0,1100.0,0.03,53.872053872053876
NASA TTT,B80_2022-01-06_JHUAPL_EOSM290_Ti64_Cylinder,,0.13,325.0,2480.0,0.03,33.60215053763441
NASA TTT,B81_2022-01-06_JHUAPL_EOSM290_Ti64_Cylinder,,0.06,315.0,1460.0,0.03,119.86301369863016
NASA TTT,B82_2022-01-06_JHUAPL_EOSM290_Ti64_Cylinder,,0.04,340.0,3070.0,0.03,92.29098805646038
NASA TTT,B83_2022-01-06_JHUAPL_EOSM290_Ti64_Cylinder,,0.14,300.0,1930.0,0.03,37.00962250185047
NASA TTT,B84_2022-01-06_JHUAPL_EOSM290_Ti64_Cylinder,,0.16,350.0,1070.0,0.03,68.14641744548287
NASA TTT,B85_2022-01-06_JHUAPL_EOSM290_Ti64_Cylinder,,0.06,325.0,3570.0,0.03,50.57578586990352
NASA TTT,B86_2022-01-06_JHUAPL_EOSM290_Ti64_Cylinder,,0.06,235.0,2000.0,0.03,65.27777777777779
NASA TTT,B87_2022-01-06_JHUAPL_EOSM290_Ti64_Cylinder,,0.06,140.0,650.0,0.03,119.65811965811966
NASA TTT,B88_2022-01-06_JHUAPL_EOSM290_Ti64_Cylinder,,0.11,365.0,1770.0,0.03,62.48929977743538
NASA TTT,B89_2022-01-06_JHUAPL_EOSM290_Ti64_Cylinder,,0.13,320.0,1360.0,0.03,60.33182503770739
NASA TTT,B90_2022-01-06_JHUAPL_EOSM290_Ti64_Cylinder,,0.18,205.0,1460.0,0.03,26.00202942668696
NASA TTT,B91_2022-01-06_JHUAPL_EOSM290_Ti64_Cylinder,,0.09,180.0,1690.0,0.03,39.447731755424066
NASA TTT,B92_2022-01-06_JHUAPL_EOSM290_Ti64_Cylinder,,0.15,305.0,2490.0,0.03,27.21999107541276
NASA TTT,B93_2022-01-06_JHUAPL_EOSM290_Ti64_Cylinder,,0.09,320.0,3230.0,0.03,36.69303978901502
NASA TTT,B94_2022-01-06_JHUAPL_EOSM290_Ti64_Cylinder,,0.14,190.0,1800.0,0.03,25.13227513227513
NASA TTT,B95_2022-01-06_JHUAPL_EOSM290_Ti64_Cylinder,,0.04,280.0,3460.0,0.03,67.4373795761079
NASA TTT,B96_2022-01-06_JHUAPL_EOSM290_Ti64_Cylinder,,0.16,265.0,1440.0,0.03,38.339120370370374
NASA TTT,B97_2022-01-06_JHUAPL_EOSM290_Ti64_Cylinder,,0.13,360.0,2210.0,0.03,41.768186564566655
NASA TTT,B98_2022-01-06_JHUAPL_EOSM290_Ti64_Cylinder,,0.16,175.0,1450.0,0.03,25.143678160919542
NASA TTT,B99_2022-01-06_JHUAPL_EOSM290_Ti64_Cylinder,,0.05,155.0,1700.0,0.03,60.7843137254902
NASA TTT,C01_2022-01-11_JHUAPL_EOSM290_Ti64_Cylinder,,0.1,153.0,719.0,0.03,70.9318497913769
NASA TTT,C02_2022-01-11_JHUAPL_EOSM290_Ti64_Cylinder,,0.03,125.0,1952.0,0.03,71.1520947176685
NASA TTT,C03_2022-01-11_JHUAPL_EOSM290_Ti64_Cylinder,,0.09,122.0,609.0,0.03,74.19570637961444
NASA TTT,C04_2022-01-11_JHUAPL_EOSM290_Ti64_Cylinder,,0.03,98.0,1458.0,0.03,74.68373723517757
NASA TTT,C05_2022-01-11_JHUAPL_EOSM290_Ti64_Cylinder,,0.18,325.0,781.0,0.03,77.06169678000664
NASA TTT,C06_2022-01-11_JHUAPL_EOSM290_Ti64_Cylinder,,0.03,266.0,3781.0,0.03,78.16862088218872
NASA TTT,C07_2022-01-11_JHUAPL_EOSM290_Ti64_Cylinder,,0.03,190.0,2648.0,0.03,79.72473984558577
NASA TTT,C08_2022-01-11_JHUAPL_EOSM290_Ti64_Cylinder,,0.16,173.0,415.0,0.03,86.84738955823293
NASA TTT,C09_2022-01-11_JHUAPL_EOSM290_Ti64_Cylinder,,0.04,254.0,2430.0,0.03,87.10562414266118
NASA TTT,C10_2022-01-11_JHUAPL_EOSM290_Ti64_Cylinder,,0.07,133.0,666.0,0.03,95.09509509509509
NASA TTT,C11_2022-01-11_JHUAPL_EOSM290_Ti64_Cylinder,,0.13,239.0,643.0,0.03,95.3064561151653
NASA TTT,C12_2022-01-11_JHUAPL_EOSM290_Ti64_Cylinder,,0.16,346.0,738.0,0.03,97.67389340560072
NASA TTT,C13_2022-01-11_JHUAPL_EOSM290_Ti64_Cylinder,,0.19,351.0,627.0,0.03,98.21203727020902
NASA TTT,C14_2022-01-11_JHUAPL_EOSM290_Ti64_Cylinder,,0.07,126.0,559.0,0.03,107.33452593917711
NASA TTT,C15_2022-01-11_JHUAPL_EOSM290_Ti64_Cylinder,,0.07,192.0,845.0,0.03,108.19949281487742
NASA TTT,C16_2022-01-11_JHUAPL_EOSM290_Ti64_Cylinder,,0.12,287.0,732.0,0.03,108.91013964784456
NASA TTT,C17_2022-01-11_JHUAPL_EOSM290_Ti64_Cylinder,,0.18,365.0,614.0,0.03,110.08565568826155
NASA TTT,C18_2022-01-11_JHUAPL_EOSM290_Ti64_Cylinder,,0.13,357.0,826.0,0.03,110.82138200782268
NASA TTT,C19_2022-01-11_JHUAPL_EOSM290_Ti64_Cylinder,,0.03,338.0,3260.0,0.03,115.20109066121337
NASA TTT,C20_2022-01-11_JHUAPL_EOSM290_Ti64_Cylinder,,0.12,357.0,846.0,0.03,117.21828211189914
NASA TTT,C21_2022-01-11_JHUAPL_EOSM290_Ti64_Cylinder,,0.04,358.0,2347.0,0.03,127.11262604743645
NASA TTT,C22_2022-01-11_JHUAPL_EOSM290_Ti64_Cylinder,,0.08,258.0,776.0,0.03,138.53092783505156
NASA TTT,C23_2022-01-11_JHUAPL_EOSM290_Ti64_Cylinder,,0.03,368.0,2895.0,0.03,141.23968528113608
NASA TTT,C24_2022-01-11_JHUAPL_EOSM290_Ti64_Cylinder,,0.08,282.0,823.0,0.03,142.7703523693803
NASA TTT,C25_2022-01-11_JHUAPL_EOSM290_Ti64_Cylinder,,0.04,117.0,666.0,0.03,146.3963963963964
NASA TTT,C26_2022-01-11_JHUAPL_EOSM290_Ti64_Cylinder,,0.12,280.0,2475.0,0.03,31.42536475869809
NASA TTT,C27_2022-01-11_JHUAPL_EOSM290_Ti64_Cylinder,,0.05,107.0,1650.0,0.03,43.23232323232323
NASA TTT,C28_2022-01-11_JHUAPL_EOSM290_Ti64_Cylinder,,0.18,101.0,695.0,0.03,26.911803890221158
NASA TTT,C29_2022-01-11_JHUAPL_EOSM290_Ti64_Cylinder,,0.17,118.0,874.0,0.03,26.472831695607304
NASA TTT,C30_2022-01-11_JHUAPL_EOSM290_Ti64_Cylinder,,0.09,239.0,2344.0,0.03,37.76387308810517
NASA TTT,C31_2022-01-11_JHUAPL_EOSM290_Ti64_Cylinder,,0.06,204.0,3096.0,0.03,36.60637381567615
NASA TTT,C32_2022-01-11_JHUAPL_EOSM290_Ti64_Cylinder,,0.11,354.0,2596.0,0.03,41.32231404958677
NASA TTT,C33_2022-01-11_JHUAPL_EOSM290_Ti64_Cylinder,,0.17,323.0,1577.0,0.03,40.16064257028113
NASA TTT,C34_2022-01-11_JHUAPL_EOSM290_Ti64_Cylinder,,0.05,234.0,2428.0,0.03,64.2504118616145
NASA TTT,C35_2022-01-11_JHUAPL_EOSM290_Ti64_Cylinder,,0.1,346.0,3493.0,0.03,33.01841778795687
NASA TTT,C36_2022-01-11_JHUAPL_EOSM290_Ti64_Cylinder,,0.06,164.0,2870.0,0.03,31.74603174603175
NASA TTT,C37_2022-01-11_JHUAPL_EOSM290_Ti64_Cylinder,,0.1,310.0,3118.0,0.03,33.14090228779132
NASA TTT,C38_2022-01-11_JHUAPL_EOSM290_Ti64_Cylinder,,0.17,298.0,1719.0,0.03,33.9914907207793
NASA TTT,C39_2022-01-11_JHUAPL_EOSM290_Ti64_Cylinder,,0.06,196.0,2763.0,0.03,39.40965938794386
NASA TTT,C40_2022-01-11_JHUAPL_EOSM290_Ti64_Cylinder,,0.07,268.0,3245.0,0.03,39.32790373468339
NASA TTT,C41_2022-01-11_JHUAPL_EOSM290_Ti64_Cylinder,,0.07,198.0,2541.0,0.03,37.105751391465674
NASA TTT,C42_2022-01-11_JHUAPL_EOSM290_Ti64_Cylinder,,0.11,134.0,1178.0,0.03,34.47034007305654
NASA TTT,C43_2022-01-11_JHUAPL_EOSM290_Ti64_Cylinder,,0.09,211.0,2161.0,0.03,36.16295610742627
NASA TTT,C44_2022-01-11_JHUAPL_EOSM290_Ti64_Cylinder,,0.07,162.0,2227.0,0.03,34.63981012252229
NASA TTT,C45_2022-01-11_JHUAPL_EOSM290_Ti64_Cylinder,,0.13,252.0,1594.0,0.03,40.53662773863527
NASA TTT,C46_2022-01-11_JHUAPL_EOSM290_Ti64_Cylinder,,0.11,277.0,2641.0,0.03,31.783185891478208
NASA TTT,C47_2022-01-11_JHUAPL_EOSM290_Ti64_Cylinder,,0.09,62.0,444.0,0.03,51.71838505171838
NASA TTT,C48_2022-01-11_JHUAPL_EOSM290_Ti64_Cylinder,,0.05,106.0,1736.0,0.03,40.706605222734254
NASA TTT,C49_2022-01-11_JHUAPL_EOSM290_Ti64_Cylinder,,0.11,60.0,539.0,0.03,33.732501264968796
NASA TTT,C50_2022-01-11_JHUAPL_EOSM290_Ti64_Cylinder,,0.18,141.0,486.0,0.03,53.72656607224509
ULI,CMU01.01,CMXMAL00011-01,0.14,370.0,950.0,,
ULI,CMU01.02,CMXMAL00011-02,0.14,370.0,1150.0,,
ULI,CMU01.03,CMXMAL00011-03,0.14,370.0,1150.0,,
ULI,CMU01.04,CMXMAL00011-04,0.14,370.0,1100.0,,
ULI,CMU01.05,CMXMAL00011-05,0.14,370.0,800.0,,
ULI,CMU01.06,CMXMAL00011-06,0.14,370.0,850.0,,
ULI,CMU01.07,CMXMAL00011-07,0.14,370.0,850.0,,
ULI,CMU01.08,CMXMAL00011-08,0.14,370.0,800.0,,
ULI,CMU01.09,CMXMAL00011-09,0.14,370.0,800.0,,
ULI,CMU01.10,CMXMAL00011-10,0.14,370.0,1000.0,,
ULI,CMU01.11,CMXMAL00011-11,0.14,370.0,1050.0,,
ULI,CMU01.12,CMXMAL00011-12,0.14,370.0,900.0,,
ULI,CMU01.13,CMXMAL00011-13,0.14,370.0,900.0,,
ULI,CMU01.14,CMXMAL00011-14,0.14,370.0,1050.0,,
ULI,CMU01.15,CMXMAL00011-15,0.14,370.0,1050.0,,
ULI,CMU01.16,CMXMAL00011-16,0.14,370.0,1100.0,,
ULI,CMU01.17,CMXMAL00011-17,0.14,370.0,1050.0,,
ULI,CMU01.18,CMXMAL00011-18,0.14,370.0,1150.0,,
ULI,CMU01.19,CMXMAL00011-19,0.14,370.0,900.0,,
ULI,CMU01.20,CMXMAL00011-20,0.14,370.0,1100.0,,
ULI,CMU01.21,CMXMAL00011-21,0.14,370.0,850.0,,
ULI,CMU01.22,CMXMAL00011-22,0.14,370.0,850.0,,
ULI,CMU01.23,CMXMAL00011-23,0.14,370.0,1100.0,,
ULI,CMU01.24,CMXMAL00011-24,0.14,370.0,950.0,,
ULI,CMU01.25,CMXMAL00011-25,0.14,370.0,900.0,,
ULI,CMU01.26,CMXMAL00011-26,0.14,370.0,1000.0,,
ULI,CMU01.27,CMXMAL00011-27,0.14,370.0,1150.0,,
ULI,CMU01.28,CMXMAL00011-28,0.14,370.0,1000.0,,
ULI,CMU01.29,CMXMAL00011-29,0.14,370.0,950.0,,
ULI,CMU01.30,CMXMAL00011-30,0.14,370.0,1000.0,,
ULI,CMU01.31,CMXMAL00011-31,0.14,370.0,950.0,,
ULI,CMU01.32,CMXMAL00011-32,0.14,370.0,800.0,,
ULI,CMU02.01,CMXMAL00012-01,0.14,370.0,1200.0,,
ULI,CMU02.02,CMXMAL00012-02,0.14,370.0,1250.0,,
ULI,CMU02.03,CMXMAL00012-03,0.14,370.0,1450.0,,
ULI,CMU02.04,CMXMAL00012-04,0.14,370.0,1500.0,,
ULI,CMU02.05,CMXMAL00012-05,0.14,370.0,1300.0,,
ULI,CMU02.06,CMXMAL00012-06,0.14,370.0,1550.0,,
ULI,CMU02.07,CMXMAL00012-07,0.14,370.0,1350.0,,
ULI,CMU02.08,CMXMAL00012-08,0.14,,1550.0,,
ULI,CMU02.09,CMXMAL00012-09,0.14,370.0,1200.0,,
ULI,CMU02.10,CMXMAL00012-10,0.14,370.0,1250.0,,
ULI,CMU02.11,CMXMAL00012-11,0.14,370.0,1400.0,,
ULI,CMU02.12,CMXMAL00012-12,0.14,370.0,1450.0,,
ULI,CMU02.13,CMXMAL00012-13,0.14,370.0,1450.0,,
ULI,CMU02.14,CMXMAL00012-14,0.14,370.0,1250.0,,
ULI,CMU02.15,CMXMAL00012-15,0.14,370.0,1350.0,,
ULI,CMU02.16,CMXMAL00012-16,0.14,370.0,1400.0,,
ULI,CMU02.17,CMXMAL00012-17,0.14,370.0,1300.0,,
ULI,CMU02.18,CMXMAL00012-18,0.14,370.0,1550.0,,
ULI,CMU02.19,CMXMAL00012-19,0.14,370.0,1500.0,,
ULI,CMU02.20,CMXMAL00012-20,0.14,370.0,1250.0,,
ULI,CMU02.21,CMXMAL00012-21,0.14,370.0,1300.0,,
ULI,CMU02.22,CMXMAL00012-22,0.14,370.0,1350.0,,
ULI,CMU02.24,CMXMAL00012-24,0.14,370.0,1400.0,,
ULI,CMU02.25,CMXMAL00012-25,0.14,370.0,1550.0,,
ULI,CMU02.26,CMXMAL00012-26,0.14,370.0,1200.0,,
ULI,CMU02.27,CMXMAL00012-27,0.14,370.0,1400.0,,
ULI,CMU02.28,CMXMAL00012-28,0.14,370.0,1500.0,,
ULI,CMU02.29,CMXMAL00012-29,0.14,370.0,1350.0,,
ULI,CMU02.30,CMXMAL00012-30,0.14,370.0,1450.0,,
ULI,CMU02.31,CMXMAL00012-31,0.14,370.0,1500.0,,
ULI,CMU02.32,CMXMAL00012-32,0.14,370.0,1300.0,,
ULI,CMU03.01,CMXMAL00013-01,0.14,370.0,1600.0,,
ULI,CMU03.02,CMXMAL00013-02,0.14,370.0,1700.0,,
ULI,CMU03.04,CMXMAL00013-04,0.14,370.0,1950.0,,
ULI,CMU03.05,CMXMAL00013-05,0.14,370.0,1800.0,,
ULI,CMU03.06,CMXMAL00013-06,0.14,370.0,1900.0,,
ULI,CMU03.08,CMXMAL00013-08,0.14,370.0,1950.0,,
ULI,CMU03.09,CMXMAL00013-09,0.14,370.0,1600.0,,
ULI,CMU03.10,CMXMAL00013-10,0.14,370.0,1900.0,,
ULI,CMU03.12,CMXMAL00013-12,0.14,370.0,1950.0,,
ULI,CMU03.13,CMXMAL00013-13,0.14,370.0,1900.0,,
ULI,CMU03.14,CMXMAL00013-14,0.14,370.0,1650.0,,
ULI,CMU03.15,CMXMAL00013-15,0.14,370.0,1700.0,,
ULI,CMU03.16,CMXMAL00013-16,0.14,370.0,1800.0,,
ULI,CMU03.17,CMXMAL00013-17,0.14,370.0,1650.0,,
ULI,CMU03.18,CMXMAL00013-18,0.14,370.0,1700.0,,
ULI,CMU03.19,CMXMAL00013-19,0.14,370.0,1850.0,,
ULI,CMU03.20,CMXMAL00013-20,0.14,370.0,1750.0,,
ULI,CMU03.21,CMXMAL00013-21,0.14,370.0,1950.0,,
ULI,CMU03.22,CMXMAL00013-22,0.14,370.0,1600.0,,
ULI,CMU03.23,CMXMAL00013-23,0.14,370.0,1750.0,,
ULI,CMU03.25,CMXMAL00013-25,0.14,370.0,1800.0,,
ULI,CMU03.26,CMXMAL00013-26,0.14,370.0,1900.0,,
ULI,CMU03.28,CMXMAL00013-28,0.14,370.0,1700.0,,
ULI,CMU03.29,CMXMAL00013-29,0.14,370.0,1650.0,,
ULI,CMU03.30,CMXMAL00013-30,0.14,370.0,1800.0,,
ULI,CMU03.31,CMXMAL00013-31,0.14,370.0,1850.0,,
ULI,CMU03.32,CMXMAL00013-32,0.14,370.0,1750.0,,
ULI,CMU04.01,CMXMAL00014-01,0.14,370.0,1800.0,,
ULI,CMU04.02,CMXMAL00014-02,0.14,370.0,1300.0,,
ULI,CMU04.03,CMXMAL00014-03,0.14,370.0,800.0,,
ULI,CMU04.04,CMXMAL00014-04,0.14,370.0,1800.0,,
ULI,CMU04.05,CMXMAL00014-05,0.14,370.0,1800.0,,
ULI,CMU04.06,CMXMAL00014-06,0.14,370.0,800.0,,
ULI,CMU04.07,CMXMAL00014-07,0.14,370.0,2000.0,,
ULI,CMU04.08,CMXMAL00014-08,0.14,370.0,1000.0,,
ULI,CMU04.09,CMXMAL00014-09,0.14,370.0,2000.0,,
ULI,CMU04.10,CMXMAL00014-10,0.14,370.0,1000.0,,
ULI,CMU04.11,CMXMAL00014-11,0.14,370.0,1300.0,,
ULI,CMU04.12,CMXMAL00014-12,0.14,370.0,2000.0,,
ULI,CMU04.13,CMXMAL00014-13,0.14,370.0,1000.0,,
ULI,CMU04.14,CMXMAL00014-14,0.14,370.0,1300.0,,
ULI,CMU04.15,CMXMAL00014-15,0.14,370.0,1800.0,,
ULI,CMU04.16,CMXMAL00014-16,0.14,370.0,2000.0,,
ULI,CMU04.17,CMXMAL00014-17,0.14,370.0,1300.0,,
ULI,CMU04.18,CMXMAL00014-18,0.14,370.0,1500.0,,
ULI,CMU04.20,CMXMAL00014-20,0.14,370.0,1800.0,,
ULI,CMU04.21,CMXMAL00014-21,0.14,370.0,2000.0,,
ULI,CMU04.22,CMXMAL00014-22,0.14,370.0,1000.0,,
ULI,CMU04.23,CMXMAL00014-23,0.14,370.0,2000.0,,
ULI,CMU04.24,CMXMAL00014-24,0.14,370.0,1300.0,,
ULI,CMU04.26,CMXMAL00014-26,0.14,370.0,1300.0,,
ULI,CMU04.27,CMXMAL00014-27,0.14,370.0,1000.0,,
ULI,CMU04.28,CMXMAL00014-28,0.14,370.0,1500.0,,
ULI,CMU04.29,CMXMAL00014-29,0.14,370.0,1500.0,,
ULI,CMU04.30,CMXMAL00014-30,0.14,370.0,1500.0,,
ULI,CMU04.31,CMXMAL00014-31,0.14,370.0,800.0,,
ULI,CMU04.32,CMXMAL00014-32,0.14,370.0,800.0,,
ULI,CMU04.33,CMXMAL00014-33,0.14,370.0,1800.0,,
ULI,CMU04.34,CMXMAL00014-34,0.14,370.0,1500.0,,
ULI,CMU04.35,CMXMAL00014-35,0.14,370.0,800.0,,
ULI,CMU04.36,CMXMAL00014-36,0.14,370.0,1000.0,,
ULI,CMU05.01,CMXMAL00015-01,0.14,150.0,730.0,,
ULI,CMU05.03,CMXMAL00015-03,0.14,370.0,1200.0,,
ULI,CMU05.04,CMXMAL00015-04,0.14,150.0,325.0,,
ULI,CMU05.06,CMXMAL00015-06,0.14,150.0,485.0,,
ULI,CMU05.09,CMXMAL00015-09,0.14,150.0,570.0,,
ULI,CMU05.11,CMXMAL00015-11,0.14,150.0,810.0,,
ULI,CMU05.12,CMXMAL00015-12,0.14,150.0,325.0,,
ULI,CMU05.18,CMXMAL00015-18,0.14,150.0,485.0,,
ULI,CMU05.19,CMXMAL00015-19,0.14,150.0,730.0,,
ULI,CMU05.24,CMXMAL00015-24,0.14,280.0,1200.0,,
ULI,CMU05.25,CMXMAL00015-25,0.14,150.0,640.0,,
ULI,CMU05.29,CMXMAL00015-29,0.14,150.0,730.0,,
ULI,CMU14.01,CMXMAL00021-01,0.14,280.0,950.0,,
ULI,CMU14.02,CMXMAL00021-02,0.14,280.0,800.0,,
ULI,CMU14.03,CMXMAL00021-03,0.14,280.0,1000.0,,
ULI,CMU14.04,CMXMAL00021-04,0.14,280.0,650.0,,
ULI,CMU14.05,CMXMAL00021-05,0.14,280.0,850.0,,
ULI,CMU14.06,CMXMAL00021-06,0.14,280.0,850.0,,
ULI,CMU14.07,CMXMAL00021-07,0.14,280.0,600.0,,
ULI,CMU14.09,CMXMAL00021-09,0.14,280.0,800.0,,
ULI,CMU14.10,CMXMAL00021-10,0.14,280.0,1000.0,,
ULI,CMU14.11,CMXMAL00021-11,0.14,280.0,700.0,,
ULI,CMU14.12,CMXMAL00021-12,0.14,280.0,700.0,,
ULI,CMU14.13,CMXMAL00021-13,0.14,280.0,650.0,,
ULI,CMU14.14,CMXMAL00021-14,0.14,280.0,950.0,,
ULI,CMU14.15,CMXMAL00021-15,0.14,280.0,1000.0,,
ULI,CMU14.16,CMXMAL00021-16,0.14,280.0,700.0,,
ULI,CMU14.17,CMXMAL00021-17,0.14,280.0,600.0,,
ULI,CMU14.18,CMXMAL00021-18,0.14,280.0,650.0,,
ULI,CMU14.19,CMXMAL00021-19,0.14,280.0,900.0,,
ULI,CMU14.20,CMXMAL00021-20,0.14,280.0,750.0,,
ULI,CMU14.21,CMXMAL00021-21,0.14,280.0,800.0,,
ULI,CMU14.22,CMXMAL00021-22,0.14,280.0,900.0,,
ULI,CMU14.23,CMXMAL00021-23,0.14,280.0,1000.0,,
ULI,CMU14.26,CMXMAL00021-26,0.14,280.0,750.0,,
ULI,CMU14.28,CMXMAL00021-28,0.14,280.0,600.0,,
ULI,CMU14.29,CMXMAL00021-29,0.14,280.0,900.0,,
ULI,CMU14.32,CMXMAL00021-32,0.14,280.0,950.0,,
ULI,CMU14.36,CMXMAL00021-36,0.14,280.0,900.0,,
ULI,CMU15.01,CMXMAL00022-01,0.14,280.0,1400.0,,
ULI,CMU15.02,CMXMAL00022-02,0.14,280.0,1350.0,,
ULI,CMU15.03,CMXMAL00022-03,0.14,280.0,1250.0,,
ULI,CMU15.04,CMXMAL00022-04,0.14,280.0,1100.0,,
ULI,CMU15.05,CMXMAL00022-05,0.14,280.0,1200.0,,
ULI,CMU15.06,CMXMAL00022-06,0.14,280.0,1150.0,,
ULI,CMU15.07,CMXMAL00022-07,0.14,280.0,1100.0,,
ULI,CMU15.08,CMXMAL00022-08,0.14,280.0,1450.0,,
ULI,CMU15.09,CMXMAL00022-09,0.14,280.0,1100.0,,
ULI,CMU15.10,CMXMAL00022-10,0.14,280.0,1200.0,,
ULI,CMU15.11,CMXMAL00022-11,0.14,280.0,1400.0,,
ULI,CMU15.12,CMXMAL00022-12,0.14,280.0,1100.0,,
ULI,CMU15.13,CMXMAL00022-13,0.14,280.0,1150.0,,
ULI,CMU15.15,CMXMAL00022-15,0.14,280.0,1050.0,,
ULI,CMU15.16,CMXMAL00022-16,0.14,280.0,1250.0,,
ULI,CMU15.17,CMXMAL00022-17,0.14,280.0,1250.0,,
ULI,CMU15.19,CMXMAL00022-19,0.14,280.0,1200.0,,
ULI,CMU15.20,CMXMAL00022-20,0.14,280.0,1150.0,,
ULI,CMU15.21,CMXMAL00022-21,0.14,280.0,1300.0,,
ULI,CMU15.22,CMXMAL00022-22,0.14,280.0,1050.0,,
ULI,CMU15.23,CMXMAL00022-23,0.14,280.0,1350.0,,
ULI,CMU15.24,CMXMAL00022-24,0.14,280.0,1300.0,,
ULI,CMU15.25,CMXMAL00022-25,0.14,280.0,1250.0,,
ULI,CMU15.26,CMXMAL00022-26,0.14,280.0,1450.0,,
ULI,CMU15.29,CMXMAL00022-29,0.14,280.0,1050.0,,
ULI,CMU15.31,CMXMAL00022-31,0.14,280.0,1350.0,,
ULI,CMU15.32,CMXMAL00022-32,0.14,280.0,1200.0,,
ULI,CMU15.35,CMXMAL00022-35,0.14,280.0,1050.0,,
ULI,CMU15.36,CMXMAL00022-36,0.14,280.0,1150.0,,
AM Build Parameters,u:C:1000:100:20:20_i:C:999:99:20:20,TMABMX00001,0.02,99.0,999.0,0.02,247.74774774774775
AM Build Parameters,i:C:960:285:0.04:0.11,APLMAK00004,0.11,285.0,960.0,0.04,67.4715909090909
AM Build Parameters,i:C:2100:338:0.04:0.15,APLMAK00002,0.15,338.0,2100.0,0.04,26.825396825396826
AM Build Parameters,i:C:837:350:0.04:0.132,APLMAK00003,0.132,350.0,837.0,0.04,79.19698779913833
AM Build Parameters,d:C:1200:90:30:0.08_i:C:1300:350:30:0.14_c:C:1250:150:30:0,CMXMAL00007,0.14,350.0,1300.0,0.03,64.10256410256409
AM Build Parameters,i:C:1300:370:30:140,CMXMAL00010,0.14,370.0,1300.0,0.03,67.76556776556775
AM Build Parameters,udic:C:1300:370:30:140,CMXMAL00008,0.14,370.0,1300.0,0.03,67.76556776556775
AM Build Parameters,i:C:700:350:40:110,CMXMAG00001-005,0.11,350.0,700.0,0.04,113.63636363636364
AM Build Parameters,i:C:900:350:40:110,CMXMAG00001-006,0.11,350.0,900.0,0.04,88.38383838383838
AM Build Parameters,i:C:1000:350:40:110,CMXMAK00001-010,0.11,350.0,1000.0,0.04,79.54545454545453
AM Build Parameters,i:C:1050:350:40:110,CMXMAK00001-014,0.11,350.0,1050.0,0.04,75.75757575757575
AM Build Parameters,i:C:1100:350:40:110,CMXMAG00001-018,0.11,350.0,1100.0,0.04,72.31404958677686
AM Build Parameters,i:C:1150:350:40:110,CMXMAG00001-022,0.11,350.0,1150.0,0.04,69.1699604743083
AM Build Parameters,i:C:1200:350:40:110,CMXMAG00001-026,0.11,350.0,1200.0,0.04,66.28787878787878
AM Build Parameters,i:C:1250:350:40:110,CMXMAG00001-030,0.11,350.0,1250.0,0.04,63.63636363636363
AM Build Parameters,i:C:1300:350:40:110,CMXMAG00001-034,0.11,350.0,1300.0,0.04,61.188811188811194
AM Build Parameters,i:C:1400:350:40:110,CMXMAG00001-039,0.11,350.0,1400.0,0.04,56.81818181818182
AM Build Parameters,i:P:22:20:370:30:100,APLMAL00001-005,0.1,370.0,,0.03,
AM Build Parameters,i:P:25:20:370:30:100,APLMAL00001-006,0.1,370.0,,0.03,
AM Build Parameters,i:P:30:20:370:30:100,APLMAL00001-007,0.1,370.0,,0.03,
AM Build Parameters,i:P:35:20:370:30:100,APLMAL00001-008,0.1,370.0,,0.03,
AM Build Parameters,i:P:39:20:370:30:100,APLMAL00001-009,0.1,370.0,,0.03,
AM Build Parameters,i:P:16:20:280:30:100,APLMAL00001-015,0.1,280.0,,0.03,
AM Build Parameters,i:P:19:20:280:30:100,APLMAL00001-016,0.1,280.0,,0.03,
AM Build Parameters,i:P:24:20:280:30:100,APLMAL00001-017,0.1,280.0,,0.03,
AM Build Parameters,i:P:28:20:280:30:100,APLMAL00001-018,0.1,280.0,,0.03,
AM Build Parameters,i:P:33:20:280:30:100,APLMAL00001-019,0.1,280.0,,0.03,
AM Build Parameters,i:C:553:250:40:110,CMXMAG00002-044,0.11,250.0,553.0,0.04,102.74535590991287
AM Build Parameters,i:C:756:250:40:110,CMXMAG00002-045,0.11,250.0,756.0,0.04,75.15632515632515
AM Build Parameters,i:C:959:250:40:110,CMXMAG00002-047,0.11,250.0,959.0,0.04,59.24732202104465
